-- CareOS Phase 0 schema — foundation for AI Insights, Family Portal, Analytics, GPS Verification
-- Run once in the Supabase SQL editor (Project → SQL Editor → New query → paste → Run).
-- Safe to re-run: uses IF NOT EXISTS / OR REPLACE / DROP POLICY IF EXISTS / seed guards throughout.
--
-- Design note: the rich client/carer/visit display data stays in src/data/* (the existing
-- mock layer that drives the Roster + mobile publish flow). These tables mirror the SAME
-- string ids ("margaret-hendricks", "sarah", "v14") so new Supabase-backed features
-- (insights, messages, visit logs, RLS) can attach real persistent rows to them.

-- ============================================================
-- 0. profiles.role — add the 'family' role for the Family Portal
-- ============================================================
alter table public.profiles drop constraint if exists profiles_role_check;
alter table public.profiles
  add constraint profiles_role_check check (role in ('carer', 'manager', 'family'));

-- ============================================================
-- 1. clients — mirror of src/data/clients.js ids + family-sharing flags
-- ============================================================
create table if not exists public.clients (
  id text primary key,                    -- matches src/data/clients.js id
  name text not null,
  location text,
  latitude double precision,              -- approximate home coords (GPS verification demo)
  longitude double precision,
  share_care_notes boolean not null default false,   -- family portal: expose care note feed
  share_visit_status boolean not null default false, -- family portal: expose live visit status
  care_plan_review_due date,              -- drives the "overdue plan reviews" quality metric
  created_at timestamptz not null default now()
);

insert into public.clients (id, name, location, latitude, longitude, share_care_notes, share_visit_status, care_plan_review_due) values
  ('margaret-hendricks', 'Margaret Hendricks', 'Bristol, BS6',  51.4720, -2.6100, true,  true,  current_date + 21),
  ('arthur-whitfield',   'Arthur Whitfield',   'Bristol, BS7',  51.4850, -2.5920, false, true,  current_date - 9),
  ('priya-nair',         'Priya Nair',         'Bristol, BS8',  51.4560, -2.6180, false, false, current_date + 40),
  ('winifred-okafor',    'Winifred Okafor',    'Bristol, BS5',  51.4620, -2.5560, false, false, current_date + 12),
  ('doris-cameron',      'Doris Cameron',      'Bristol, BS9',  51.4930, -2.6290, true,  true,  current_date + 30),
  ('kenneth-osei',       'Kenneth Osei',       'Bristol, BS4',  51.4330, -2.5620, false, false, current_date - 3),
  ('elsie-marchetti',    'Elsie Marchetti',    'Bristol, BS6',  51.4750, -2.6040, false, true,  current_date + 55),
  ('daniel-reyes',       'Daniel Reyes',       'Bristol, BS3',  51.4400, -2.6010, false, false, current_date + 62)
on conflict (id) do nothing;

-- ============================================================
-- 2. carers — mirror of src/data/carers.js ids
-- ============================================================
create table if not exists public.carers (
  id text primary key,                    -- matches src/data/carers.js id
  name text not null,
  profile_id uuid references public.profiles (id) on delete set null, -- optional link to a real login
  created_at timestamptz not null default now()
);

insert into public.carers (id, name) values
  ('sarah',  'Sarah Jenkins'),
  ('aaron',  'Aaron Mitchell'),
  ('fatima', 'Fatima Malik'),
  ('james',  'James O''Connor'),
  ('grace',  'Grace Adeyemi'),
  ('liam',   'Liam Foster')
on conflict (id) do nothing;

-- ============================================================
-- 3. visits — mirror of the deterministic ids generated by src/data/visits.js
--    (template order × day offsets produces v1..v62, plus the fixed demo visits).
--    day_offset: 0 = Monday of the displayed week .. 6 = Sunday.
-- ============================================================
create table if not exists public.visits (
  id text primary key,                    -- matches the id the frontend generates
  client_id text not null references public.clients (id) on delete cascade,
  visit_type text not null,
  day_offset integer not null check (day_offset between 0 and 6),
  scheduled_start time not null,
  scheduled_end time not null,
  requires_two boolean not null default false,
  time_critical boolean not null default false,
  created_at timestamptz not null default now()
);

-- Replicates the template loop in src/data/visits.js so ids line up exactly.
do $$
declare
  tpl record;
  d integer;
  counter integer := 1;
begin
  for tpl in
    select * from (values
      ('margaret-hendricks', array[0,1,2,3,4],     time '08:00', time '08:30', 'Personal Care & Medication',                    false, false),
      ('doris-cameron',      array[0,1,2,3,4,5,6], time '09:15', time '09:45', 'Double-Up Personal Care & Hoist Transfer',      true,  false),
      ('doris-cameron',      array[0,1,2,3,4,5,6], time '18:00', time '18:30', 'Double-Up Personal Care & Hoist Transfer',      true,  false),
      ('winifred-okafor',    array[0,1,2,3,4],     time '16:00', time '16:20', 'Medication & Welfare Check',                    false, false),
      ('arthur-whitfield',   array[0,1,2,3,4],     time '09:30', time '10:00', 'Personal Care',                                 false, false),
      ('priya-nair',         array[0,1,2,3,4],     time '08:15', time '08:35', 'Medication & Glucose Check',                    false, false),
      ('priya-nair',         array[1,3],           time '10:30', time '11:00', 'Personal Care & Mobility Support',              false, false),
      ('kenneth-osei',       array[0,1,2,3,4,5,6], time '09:00', time '09:30', 'Personal Care & Skin Check',                    false, false),
      ('elsie-marchetti',    array[0,1,2,3,4,5,6], time '07:00', time '07:20', 'Medication (Parkinson''s timing critical)',     false, true),
      ('elsie-marchetti',    array[0,1,2,3,4,5,6], time '19:00', time '19:20', 'Medication (Parkinson''s timing critical)',     false, true),
      ('daniel-reyes',       array[0,1,2,3,4],     time '17:00', time '17:30', 'Community Support Visit',                       false, false)
    ) as t(client_id, days, start_t, end_t, visit_type, requires_two, time_critical)
  loop
    foreach d in array tpl.days loop
      insert into public.visits (id, client_id, visit_type, day_offset, scheduled_start, scheduled_end, requires_two, time_critical)
      values ('v' || counter, tpl.client_id, tpl.visit_type, d, tpl.start_t, tpl.end_t, tpl.requires_two, tpl.time_critical)
      on conflict (id) do nothing;
      counter := counter + 1;
    end loop;
  end loop;
end $$;

insert into public.visits (id, client_id, visit_type, day_offset, scheduled_start, scheduled_end, requires_two, time_critical) values
  ('v-missed-1', 'arthur-whitfield',   'Evening Medication Check',           extract(isodow from current_date - 1)::int - 1, '18:30', '18:50', false, false),
  ('v-open-1',   'margaret-hendricks', 'Lunchtime Welfare & Nutrition Check', extract(isodow from current_date)::int - 1,     '13:00', '13:30', false, false),
  ('v-open-2',   'daniel-reyes',       'Community Outing Support',            extract(isodow from current_date)::int - 1,     '14:30', '15:00', false, false)
on conflict (id) do nothing;

-- ============================================================
-- 4. visit_assignments — which carers are assigned to a visit.
--    Multiple rows per visit = clean double-up support: each carer
--    logs check-in/out independently (Feature Area 4).
-- ============================================================
create table if not exists public.visit_assignments (
  id uuid primary key default gen_random_uuid(),
  visit_id text not null references public.visits (id) on delete cascade,
  carer_id text not null references public.carers (id) on delete cascade,
  created_at timestamptz not null default now(),
  unique (visit_id, carer_id)
);

-- Seed assignments mirroring the carerIds in src/data/visits.js templates.
do $$
declare
  tpl record;
  d integer;
  c text;
  counter integer := 1;
begin
  for tpl in
    select * from (values
      (array[0,1,2,3,4],     array['sarah']),
      (array[0,1,2,3,4,5,6], array['sarah','grace']),
      (array[0,1,2,3,4,5,6], array['grace','liam']),
      (array[0,1,2,3,4],     array['sarah']),
      (array[0,1,2,3,4],     array['aaron']),
      (array[0,1,2,3,4],     array['aaron']),
      (array[1,3],           array['fatima']),
      (array[0,1,2,3,4,5,6], array['fatima']),
      (array[0,1,2,3,4,5,6], array['fatima']),
      (array[0,1,2,3,4,5,6], array['james']),
      (array[0,1,2,3,4],     array['james'])
    ) as t(days, carer_ids)
  loop
    foreach d in array tpl.days loop
      foreach c in array tpl.carer_ids loop
        insert into public.visit_assignments (visit_id, carer_id)
        values ('v' || counter, c)
        on conflict (visit_id, carer_id) do nothing;
      end loop;
      counter := counter + 1;
    end loop;
  end loop;
end $$;

insert into public.visit_assignments (visit_id, carer_id)
values ('v-missed-1', 'liam')
on conflict (visit_id, carer_id) do nothing;

-- ============================================================
-- 5. care_notes — carer visit notes per client. The AI insight
--    generator (Phase 1) reads these; seeded with deliberate risk
--    patterns so the AI has something real to find.
-- ============================================================
create table if not exists public.care_notes (
  id uuid primary key default gen_random_uuid(),
  client_id text not null references public.clients (id) on delete cascade,
  carer_id text references public.carers (id) on delete set null,
  visit_id text references public.visits (id) on delete set null,
  note text not null,
  noted_at timestamptz not null default now(),
  created_at timestamptz not null default now()
);

create index if not exists care_notes_client_idx on public.care_notes (client_id, noted_at desc);

-- Seed once (guarded — re-running won't duplicate).
do $$
begin
  if exists (select 1 from public.care_notes) then return; end if;

  insert into public.care_notes (client_id, carer_id, note, noted_at) values
  -- Margaret: planted pattern — declining mobility + growing medication refusal + poor appetite
  ('margaret-hendricks', 'sarah', 'Margaret in good spirits. Took all morning medication with breakfast. Walked to the kitchen unaided.', now() - interval '28 days'),
  ('margaret-hendricks', 'sarah', 'Margaret needed to steady herself on the hallway wall twice this morning. Meds taken as normal.', now() - interval '21 days'),
  ('margaret-hendricks', 'sarah', 'Margaret refused her Donepezil this morning, said she "already took it". I stayed and she accepted it after a cup of tea. Only ate half her toast.', now() - interval '14 days'),
  ('margaret-hendricks', 'sarah', 'Very unsteady today — held my arm from the bedroom to the kitchen. She was confused about which day it was. Breakfast barely touched.', now() - interval '9 days'),
  ('margaret-hendricks', 'sarah', 'Margaret refused morning medication again, quite firmly this time. Left it with a note for the lunchtime call. Walking noticeably slower than last month.', now() - interval '5 days'),
  ('margaret-hendricks', 'sarah', 'Third medication refusal in two weeks. She also nearly lost her balance getting up from the armchair. I think she needs a mobility review.', now() - interval '2 days'),
  -- Elsie: planted pattern — mood decline, timing-critical meds occasionally late
  ('elsie-marchetti', 'fatima', 'Elsie bright and chatty, meds given at 07:05, right on schedule.', now() - interval '25 days'),
  ('elsie-marchetti', 'fatima', 'Elsie quieter than usual today, said she "didn''t sleep well". Meds on time.', now() - interval '16 days'),
  ('elsie-marchetti', 'james',  'Evening meds given 25 minutes late due to traffic — Elsie noticeably stiffer by the time I arrived. She seemed low and didn''t want to chat.', now() - interval '11 days'),
  ('elsie-marchetti', 'fatima', 'Elsie tearful this morning, talking about missing her late husband. Ate very little. Meds taken on time.', now() - interval '6 days'),
  ('elsie-marchetti', 'james',  'Elsie flat and withdrawn this evening, TV off, sitting in the dark when I arrived. Meds given on time but she barely spoke.', now() - interval '2 days'),
  -- Arthur: missed evening visit + medication stock concern
  ('arthur-whitfield', 'aaron', 'Arthur well, usual routine. He mentioned his blister pack looks "thin" — pharmacy delivery may be behind.', now() - interval '8 days'),
  ('arthur-whitfield', 'aaron', 'Arthur fine this morning but said no one came last night for his evening check. Reported to office.', now() - interval '1 day'),
  -- Doris: mild skin integrity concern (double-up hoist client)
  ('doris-cameron', 'grace', 'Transfer went smoothly with two of us. Small red area on Doris''s left heel — repositioned and noted for district nurse.', now() - interval '7 days'),
  ('doris-cameron', 'sarah', 'Red area on heel unchanged, not broken. Doris comfortable, ate well.', now() - interval '3 days'),
  -- Normal notes so the AI has healthy baselines too
  ('priya-nair',      'aaron',  'Priya well. Glucose 6.2 before breakfast, meds taken, no concerns.', now() - interval '4 days'),
  ('winifred-okafor', 'sarah',  'Winifred cheerful, medication taken at 16:05, flat warm and tidy.', now() - interval '3 days'),
  ('kenneth-osei',    'fatima', 'Kenneth''s skin check clear today. He walked to the corner shop with me — great progress.', now() - interval '2 days'),
  ('daniel-reyes',    'james',  'Good community visit, Daniel attended his art group and was in great form.', now() - interval '1 day');
end $$;

-- ============================================================
-- 6. care_insights — AI-identified risk patterns (Feature Area 1).
--    Phase 1 populates this from Groq; seeded so it demos immediately.
-- ============================================================
create table if not exists public.care_insights (
  id uuid primary key default gen_random_uuid(),
  client_id text not null references public.clients (id) on delete cascade,
  insight_type text not null,             -- e.g. mobility_decline, medication_refusal, mood_decline, missed_visits
  description text not null,
  severity text not null default 'medium' check (severity in ('low', 'medium', 'high')),
  source_note_id uuid references public.care_notes (id) on delete set null,
  resolved boolean not null default false,
  resolved_at timestamptz,
  created_at timestamptz not null default now()
);

create index if not exists care_insights_client_idx on public.care_insights (client_id, resolved, created_at desc);

do $$
begin
  if exists (select 1 from public.care_insights) then return; end if;

  insert into public.care_insights (client_id, insight_type, description, severity) values
  ('margaret-hendricks', 'medication_refusal', 'Three medication refusals recorded in the last two weeks, an escalating trend from full compliance a month ago. Suggest a medication review and GP notification.', 'high'),
  ('margaret-hendricks', 'mobility_decline',   'Carer notes describe progressively worsening balance over four weeks: steadying on walls, holding the carer''s arm, near-fall from armchair. Falls risk assessment is likely overdue.', 'high'),
  ('margaret-hendricks', 'nutrition_concern',  'Repeated mentions of barely-touched breakfasts alongside existing malnutrition watch. Consider a dietician referral and food diary.', 'medium'),
  ('elsie-marchetti',    'mood_decline',       'Consistent downward mood trajectory across five recent notes: poor sleep, tearfulness, withdrawal, sitting in the dark. Suggest wellbeing review and GP mental-health check.', 'high'),
  ('elsie-marchetti',    'medication_timing',  'One evening dose of timing-critical Parkinson''s medication was given 25 minutes late, with visible symptom impact. Review evening rota travel time.', 'medium'),
  ('arthur-whitfield',   'missed_visits',      'An evening medication check was missed and the client noticed. Combined with a possible pharmacy supply gap, medication continuity is at risk.', 'medium'),
  ('doris-cameron',      'skin_integrity',     'A red area on the left heel has persisted across two visits. Pressure-area care is in place but district nurse follow-up should be confirmed.', 'low');
end $$;

-- ============================================================
-- 7. risk_scores — simple weighted per-client score, refreshed by
--    refresh_risk_scores() whenever relevant data changes.
-- ============================================================
create table if not exists public.risk_scores (
  client_id text primary key references public.clients (id) on delete cascade,
  score integer not null default 0,       -- 0-100
  band text not null default 'Low' check (band in ('Low', 'Medium', 'High')),
  factors jsonb not null default '{}'::jsonb, -- breakdown shown in the UI
  updated_at timestamptz not null default now()
);

-- Weighted formula (documented so the UI can explain it):
--   open high-severity insights × 20, medium × 10, low × 5
-- + missed check-ins in the last 14 days × 8  (assigned visit-days with no check_in logged)
-- + medication-related open insights × 5 bonus (medication risk compounds)
-- capped at 100. Band: >=60 High, >=30 Medium, else Low.
create or replace function public.refresh_risk_scores()
returns void
language plpgsql
security definer set search_path = public
as $$
begin
  insert into public.risk_scores (client_id, score, band, factors, updated_at)
  select
    c.id,
    least(100, coalesce(i.high, 0) * 20 + coalesce(i.med, 0) * 10 + coalesce(i.low, 0) * 5
             + coalesce(m.missed, 0) * 8 + coalesce(i.med_issue, 0) * 5) as score,
    case
      when least(100, coalesce(i.high, 0) * 20 + coalesce(i.med, 0) * 10 + coalesce(i.low, 0) * 5
               + coalesce(m.missed, 0) * 8 + coalesce(i.med_issue, 0) * 5) >= 60 then 'High'
      when least(100, coalesce(i.high, 0) * 20 + coalesce(i.med, 0) * 10 + coalesce(i.low, 0) * 5
               + coalesce(m.missed, 0) * 8 + coalesce(i.med_issue, 0) * 5) >= 30 then 'Medium'
      else 'Low'
    end,
    jsonb_build_object(
      'open_high_insights', coalesce(i.high, 0),
      'open_medium_insights', coalesce(i.med, 0),
      'open_low_insights', coalesce(i.low, 0),
      'missed_visits_14d', coalesce(m.missed, 0),
      'medication_issues', coalesce(i.med_issue, 0)
    ),
    now()
  from public.clients c
  left join (
    select client_id,
           count(*) filter (where severity = 'high') as high,
           count(*) filter (where severity = 'medium') as med,
           count(*) filter (where severity = 'low') as low,
           count(*) filter (where insight_type ilike '%medication%') as med_issue
    from public.care_insights
    where not resolved
    group by client_id
  ) i on i.client_id = c.id
  left join (
    -- assigned visit-days in the last 14 days with no check_in logged
    select v.client_id, count(*) as missed
    from generate_series(current_date - 13, current_date - 1, interval '1 day') as day
    join public.visits v on v.day_offset = extract(isodow from day)::int - 1
    join public.visit_assignments va on va.visit_id = v.id
    where not exists (
      select 1 from public.visit_logs vl
      where vl.visit_id = v.id and vl.carer_id = va.carer_id
        and vl.event_type = 'check_in' and vl.recorded_at::date = day::date
    )
    group by v.client_id
  ) m on m.client_id = c.id
  on conflict (client_id) do update
    set score = excluded.score, band = excluded.band,
        factors = excluded.factors, updated_at = excluded.updated_at;
end;
$$;

-- ============================================================
-- 8. visit_logs — GPS-stamped check-in/check-out events (Feature Area 4).
--    Realtime-enabled: powers the live "who's where" office view.
-- ============================================================
create table if not exists public.visit_logs (
  id uuid primary key default gen_random_uuid(),
  visit_id text not null references public.visits (id) on delete cascade,
  carer_id text not null references public.carers (id) on delete cascade,
  event_type text not null check (event_type in ('check_in', 'check_out')),
  recorded_at timestamptz not null default now(),
  latitude double precision,
  longitude double precision,
  created_at timestamptz not null default now()
);

create index if not exists visit_logs_visit_idx on public.visit_logs (visit_id, recorded_at desc);
create index if not exists visit_logs_recorded_idx on public.visit_logs (recorded_at desc);

-- Seed ~90 days of history for the analytics trend charts (Feature Area 3).
-- Deterministic (setseed) so re-creation from scratch gives the same demo data:
-- ~93% of assigned visit-days get a check-in/out pair, ~82% of check-ins are on
-- time (within 15 min of schedule), coordinates jitter around the client's home.
do $$
declare
  day date;
  v record;
  late_min integer;
  cin timestamptz;
begin
  if exists (select 1 from public.visit_logs) then return; end if;
  perform setseed(0.42);

  for day in select generate_series(current_date - 90, current_date - 1, interval '1 day')::date loop
    for v in
      select vi.id as visit_id, va.carer_id, vi.scheduled_start, vi.scheduled_end,
             c.latitude, c.longitude
      from public.visits vi
      join public.visit_assignments va on va.visit_id = vi.id
      join public.clients c on c.id = vi.client_id
      where vi.day_offset = extract(isodow from day)::int - 1
        and vi.id not like 'v-open%'
    loop
      if random() < 0.93 then
        -- on time (0-14 min late) 82% of the time, otherwise 15-40 min late
        if random() < 0.82 then late_min := floor(random() * 15)::int;
        else late_min := 15 + floor(random() * 26)::int;
        end if;
        cin := day + v.scheduled_start + make_interval(mins => late_min);
        insert into public.visit_logs (visit_id, carer_id, event_type, recorded_at, latitude, longitude) values
          (v.visit_id, v.carer_id, 'check_in',  cin, v.latitude + (random() - 0.5) * 0.0008, v.longitude + (random() - 0.5) * 0.0008),
          (v.visit_id, v.carer_id, 'check_out', cin + (v.scheduled_end - v.scheduled_start) + make_interval(mins => floor(random() * 8)::int),
           v.latitude + (random() - 0.5) * 0.0008, v.longitude + (random() - 0.5) * 0.0008);
      end if;
    end loop;
  end loop;
end $$;

-- ============================================================
-- 9. family_members — links a 'family' auth account to one client
-- ============================================================
create table if not exists public.family_members (
  id uuid primary key default gen_random_uuid(),
  profile_id uuid not null unique references public.profiles (id) on delete cascade,
  client_id text not null references public.clients (id) on delete cascade,
  relationship text,                      -- e.g. Daughter, Son, Spouse
  created_at timestamptz not null default now()
);

create index if not exists family_members_client_idx on public.family_members (client_id);

-- ============================================================
-- 10. messages — two-way family <-> care team messaging per client.
--     Realtime-enabled for the live portal.
-- ============================================================
create table if not exists public.messages (
  id uuid primary key default gen_random_uuid(),
  client_id text not null references public.clients (id) on delete cascade,
  sender_id uuid not null references public.profiles (id) on delete cascade,
  sender_name text not null default '',
  sender_role text not null check (sender_role in ('family', 'team')),
  content text not null,
  read_at timestamptz,
  created_at timestamptz not null default now()
);

create index if not exists messages_client_idx on public.messages (client_id, created_at desc);

-- ============================================================
-- Helper functions for RLS
-- ============================================================
-- Is the current user part of the care team (carer or manager)?
create or replace function public.is_care_team()
returns boolean
language sql
security definer set search_path = public
stable
as $$
  select exists (
    select 1 from public.profiles where id = auth.uid() and role in ('carer', 'manager')
  );
$$;

-- Which client is the current (family) user linked to? Null for everyone else.
create or replace function public.linked_client_id()
returns text
language sql
security definer set search_path = public
stable
as $$
  select client_id from public.family_members where profile_id = auth.uid() limit 1;
$$;

-- ============================================================
-- Row Level Security
-- ============================================================
alter table public.clients enable row level security;
alter table public.carers enable row level security;
alter table public.visits enable row level security;
alter table public.visit_assignments enable row level security;
alter table public.care_notes enable row level security;
alter table public.care_insights enable row level security;
alter table public.risk_scores enable row level security;
alter table public.visit_logs enable row level security;
alter table public.family_members enable row level security;
alter table public.messages enable row level security;

-- clients: team sees all; a family account sees ONLY its linked client's row.
-- Only managers can change sharing flags / client fields.
drop policy if exists "clients_select_team_or_linked_family" on public.clients;
create policy "clients_select_team_or_linked_family" on public.clients
  for select using (public.is_care_team() or id = public.linked_client_id());

drop policy if exists "clients_update_manager" on public.clients;
create policy "clients_update_manager" on public.clients
  for update using (public.is_manager());

-- carers: any authenticated user may read names (family portal shows who visited).
drop policy if exists "carers_select_authenticated" on public.carers;
create policy "carers_select_authenticated" on public.carers
  for select using (auth.uid() is not null);

-- visits: team sees all. Family sees their client's visits ONLY if the manager
-- has enabled share_visit_status on that client — the shareability flag is
-- enforced here in the database, not in the UI.
drop policy if exists "visits_select_team_or_shared_family" on public.visits;
create policy "visits_select_team_or_shared_family" on public.visits
  for select using (
    public.is_care_team()
    or (client_id = public.linked_client_id()
        and exists (select 1 from public.clients c where c.id = client_id and c.share_visit_status))
  );

drop policy if exists "visits_write_manager" on public.visits;
create policy "visits_write_manager" on public.visits
  for all using (public.is_manager()) with check (public.is_manager());

-- visit_assignments: same visibility rule as visits; managers manage them.
drop policy if exists "assignments_select_team_or_shared_family" on public.visit_assignments;
create policy "assignments_select_team_or_shared_family" on public.visit_assignments
  for select using (
    public.is_care_team()
    or exists (
      select 1 from public.visits v join public.clients c on c.id = v.client_id
      where v.id = visit_id and c.id = public.linked_client_id() and c.share_visit_status
    )
  );

drop policy if exists "assignments_write_manager" on public.visit_assignments;
create policy "assignments_write_manager" on public.visit_assignments
  for all using (public.is_manager()) with check (public.is_manager());

-- care_notes: team reads/writes. Family reads ONLY if share_care_notes is on
-- for their linked client (again: enforced at the database layer).
drop policy if exists "notes_select_team_or_shared_family" on public.care_notes;
create policy "notes_select_team_or_shared_family" on public.care_notes
  for select using (
    public.is_care_team()
    or (client_id = public.linked_client_id()
        and exists (select 1 from public.clients c where c.id = client_id and c.share_care_notes))
  );

drop policy if exists "notes_insert_team" on public.care_notes;
create policy "notes_insert_team" on public.care_notes
  for insert with check (public.is_care_team());

-- care_insights + risk_scores: clinical risk data — care team only, never family.
-- Inserts come from the server-side generator (service role, bypasses RLS);
-- managers can resolve insights from the UI.
drop policy if exists "insights_select_team" on public.care_insights;
create policy "insights_select_team" on public.care_insights
  for select using (public.is_care_team());

drop policy if exists "insights_update_manager" on public.care_insights;
create policy "insights_update_manager" on public.care_insights
  for update using (public.is_manager());

drop policy if exists "risk_scores_select_team" on public.risk_scores;
create policy "risk_scores_select_team" on public.risk_scores
  for select using (public.is_care_team());

-- visit_logs: team reads all and carers/managers insert (GPS check-ins).
-- Family sees logs for their client's visits only when share_visit_status is on
-- (this is what powers the live "carer has arrived" status in the portal).
drop policy if exists "visit_logs_select_team_or_shared_family" on public.visit_logs;
create policy "visit_logs_select_team_or_shared_family" on public.visit_logs
  for select using (
    public.is_care_team()
    or exists (
      select 1 from public.visits v join public.clients c on c.id = v.client_id
      where v.id = visit_id and c.id = public.linked_client_id() and c.share_visit_status
    )
  );

drop policy if exists "visit_logs_insert_team" on public.visit_logs;
create policy "visit_logs_insert_team" on public.visit_logs
  for insert with check (public.is_care_team());

-- family_members: a family user sees their own link; managers manage links.
drop policy if exists "family_select_own_or_manager" on public.family_members;
create policy "family_select_own_or_manager" on public.family_members
  for select using (profile_id = auth.uid() or public.is_manager());

drop policy if exists "family_write_manager" on public.family_members;
create policy "family_write_manager" on public.family_members
  for all using (public.is_manager()) with check (public.is_manager());

-- messages: team members see every client thread; a family user sees only their
-- linked client's thread. Senders must write as themselves, with the correct
-- role, and family can only post into their own client's thread.
drop policy if exists "messages_select_team_or_linked_family" on public.messages;
create policy "messages_select_team_or_linked_family" on public.messages
  for select using (public.is_care_team() or client_id = public.linked_client_id());

drop policy if exists "messages_insert_own_thread" on public.messages;
create policy "messages_insert_own_thread" on public.messages
  for insert with check (
    sender_id = auth.uid()
    and (
      (public.is_care_team() and sender_role = 'team')
      or (client_id = public.linked_client_id() and sender_role = 'family')
    )
  );

drop policy if exists "messages_update_read_receipts" on public.messages;
create policy "messages_update_read_receipts" on public.messages
  for update using (public.is_care_team() or client_id = public.linked_client_id());

-- ============================================================
-- Supabase Realtime — live updates for the family portal ("carer arrived",
-- new messages) and the office "who's where" view. postgres_changes events
-- respect the RLS policies above, so family accounts only receive rows
-- they are allowed to see.
-- ============================================================
do $$
begin
  if not exists (select 1 from pg_publication_tables
                 where pubname = 'supabase_realtime' and schemaname = 'public' and tablename = 'messages') then
    alter publication supabase_realtime add table public.messages;
  end if;
  if not exists (select 1 from pg_publication_tables
                 where pubname = 'supabase_realtime' and schemaname = 'public' and tablename = 'visit_logs') then
    alter publication supabase_realtime add table public.visit_logs;
  end if;
end $$;

-- ============================================================
-- Analytics views (Feature Area 3) — computed from real rows, not hardcoded.
-- ============================================================
-- Daily time series over visit_logs: completion, punctuality, medication logging.
-- security_invoker: the view runs with the querying user's RLS, so it cannot be
-- used to read rows the user's role is not allowed to see.
create or replace view public.care_quality_daily
with (security_invoker = true) as
with expected as (
  select day::date as day,
         count(*) as visits_expected,
         count(*) filter (where v.visit_type ilike '%medication%') as med_visits_expected
  from generate_series(current_date - 90, current_date, interval '1 day') as day
  join public.visits v on v.day_offset = extract(isodow from day)::int - 1
  join public.visit_assignments va on va.visit_id = v.id
  group by day::date
),
logged as (
  select vl.recorded_at::date as day,
         count(*) filter (where vl.event_type = 'check_in') as check_ins,
         count(*) filter (where vl.event_type = 'check_in'
                          and vl.recorded_at::time < v.scheduled_start + interval '15 minutes') as on_time_check_ins,
         count(*) filter (where vl.event_type = 'check_in'
                          and v.visit_type ilike '%medication%') as med_check_ins
  from public.visit_logs vl
  join public.visits v on v.id = vl.visit_id
  group by vl.recorded_at::date
)
select
  e.day,
  e.visits_expected,
  coalesce(l.check_ins, 0) as visits_completed,
  round(100.0 * coalesce(l.check_ins, 0) / nullif(e.visits_expected, 0), 1) as completion_pct,
  round(100.0 * coalesce(l.on_time_check_ins, 0) / nullif(l.check_ins, 0), 1) as on_time_pct,
  round(100.0 * coalesce(l.med_check_ins, 0) / nullif(e.med_visits_expected, 0), 1) as medication_log_pct
from expected e
left join logged l on l.day = e.day
order by e.day;

-- Single-row current summary: the "Care Quality Score" (0-100), weighted:
-- 35% visit completion + 25% punctuality + 20% medication logging
-- + 10% plan reviews in date + 10% absence of open high-severity insights.
create or replace view public.care_quality_summary
with (security_invoker = true) as
with last30 as (
  select avg(completion_pct) as completion_pct,
         avg(on_time_pct) as on_time_pct,
         avg(medication_log_pct) as medication_log_pct
  from public.care_quality_daily
  where day >= current_date - 30 and day < current_date
),
reviews as (
  select count(*) filter (where care_plan_review_due < current_date) as overdue,
         count(*) as total
  from public.clients
),
insights as (
  select count(*) filter (where severity = 'high') as open_high, count(*) as open_total
  from public.care_insights where not resolved
)
select
  round(l.completion_pct, 1) as completion_pct,
  round(l.on_time_pct, 1) as on_time_pct,
  round(l.medication_log_pct, 1) as medication_log_pct,
  r.overdue as overdue_plan_reviews,
  r.total as total_clients,
  i.open_high as open_high_insights,
  i.open_total as open_insights,
  round(
      0.35 * l.completion_pct
    + 0.25 * l.on_time_pct
    + 0.20 * l.medication_log_pct
    + 0.10 * (100.0 * (r.total - r.overdue) / nullif(r.total, 0))
    + 0.10 * greatest(0, 100 - i.open_high * 25)
  )::int as care_quality_score
from last30 l, reviews r, insights i;

-- Per-carer workload & punctuality over the last 30 days.
create or replace view public.carer_workload
with (security_invoker = true) as
select
  c.id as carer_id,
  c.name,
  count(*) filter (where vl.event_type = 'check_in') as visits_30d,
  round(100.0 * count(*) filter (where vl.event_type = 'check_in'
          and vl.recorded_at::time < v.scheduled_start + interval '15 minutes')
        / nullif(count(*) filter (where vl.event_type = 'check_in'), 0), 1) as on_time_pct,
  round(sum(
      case when vl.event_type = 'check_in'
      then extract(epoch from (v.scheduled_end - v.scheduled_start)) / 3600.0 else 0 end
    )::numeric, 1) as scheduled_hours_30d
from public.carers c
left join public.visit_logs vl on vl.carer_id = c.id and vl.recorded_at >= current_date - 30
left join public.visits v on v.id = vl.visit_id
group by c.id, c.name
order by visits_30d desc;

grant select on public.care_quality_daily, public.care_quality_summary, public.carer_workload to authenticated;

-- ============================================================
-- Initial risk score computation from the seeded data.
-- ============================================================
select public.refresh_risk_scores();

-- ============================================================
-- OPTIONAL — link a demo family account (for Phase 2).
-- 1. Create a user in Supabase Auth (Dashboard → Authentication → Add user),
--    e.g. family.demo@careos.app, with user metadata: {"role": "family", "full_name": "Claire Hendricks"}.
-- 2. Then run (uncomment):
-- insert into public.family_members (profile_id, client_id, relationship)
-- select id, 'margaret-hendricks', 'Daughter' from public.profiles where email = 'family.demo@careos.app'
-- on conflict (profile_id) do nothing;
-- ============================================================
